{
    "name": "晒盐盆",
    "icon": "butcher:basin",
    "category": "butcher:blocks",
    "read_by_default": true,
    "sortnum": 4,
    "pages": [
        {
            "type": "patchouli:spotlight",
            "item": "butcher:basin",
            "link_recipe": true,
            "title" : "晒盐盆",
            "text": "晒盐盆可用于自动化收集盐分。使用时需要先注满水，经过半个Minecraft日后水分会蒸发留下盐结晶，可以通过右键点击取出或用漏斗收集。注意晒盐盆必须暴露在阳光直射下才能蒸发水分，夜晚或雨天无法工作。"
        },
        {
            "type": "patchouli:crafting",
            "recipe": "butcher:basinrecipe"
        },
        {
            "type": "patchouli:spotlight",
            "item": "butcher:brinebasin",
            "link_recipe": true,
            "title" : "电解盆",
            "text": "电解盆可将盐水溶液转化为氯水。将盐水注入其中后等待雷暴天气，闪电会劈中电解盆促使盐水转化为氯水。"
        },
        {
          "type": "patchouli:image",
          "images": [
            "butcher:images/entries/blocks/brine_basin.png"
          ],
            "text": "要制作电解盆，只需手持避雷针右键点击普通晒盐盆即可升级。"
        }
    ]
}
