{
    "name": "金属托盘",
  "icon": "butcher:metal_tray",
  "category": "butcher:blocks",
  "read_by_default": true,
  "sortnum": 8,
  "pages": [
      {
          "type": "patchouli:spotlight",
          "item": "butcher:metal_tray",
          "link_recipe": true,
          "title" : "金属托盘",
          "text": "金属托盘用于解剖青蛙。获得青蛙尸体后，只需将其放置在金属托盘上即可。"
      },
      {
          "type": "patchouli:crafting",
          "recipe": "butcher:metal_tray_crafting_2"
      }
  ]
}