{
    "name": "挂绳",
  "icon": "butcher:rope",
  "category": "butcher:blocks",
  "read_by_default": true,
  "sortnum": 3,
  "pages": [
      {
          "type": "patchouli:spotlight",
          "item": "butcher:rope",
          "link_recipe": true,
          "title" : "挂绳",
          "text": "挂绳是一个独立的方块，用于悬挂尸体和残骸。独立意味着它不需要像钩子需要锁链那样的其他方块。这是一个比钩子更便宜的替代品，但它只能使用3次，之后就会损坏，适合早期游戏使用。"
      },
      {
          "type": "patchouli:crafting",
          "recipe": "butcher:roperecipe"
      }
  ]
}