{
  "replace": false,
  "values": [
    "minecraft:end_highlands",
    "minecraft:end_midlands",
    {
      "id": "betterend:shadow_forest",
      "required": false
    },
    {
      "id": "betterend:old_bulbis_gardens",
      "required": false
    },
    {
      "id": "betterend:chorus_forest",
      "required": false
    },
    {
      "id": "betterend:dust_wastelands",
      "required": false
    },
    {
      "id": "betterend:dry_shrubland",
      "required": false
    },
    {
      "id": "eldritch_end:hasturian_wastes",
      "required": false
    }
  ]
}

