{
    "name": "功能性装饰方块",
    "icon": "butcher:freezer",
    "category": "butcher:decorations",
    "read_by_default": true,
    "sortnum": 2,
    "pages": [
        {
            "type": "patchouli:crafting",
            "recipe": "butcher:displayrecipe",
            "text": "展示柜可用于储存食物。"
        },
        {
            "type": "patchouli:crafting",
            "recipe": "butcher:freezercrafting",
            "text": "冷藏箱可用于储存食物，类似于展示柜。你可以通过按住Shift并右键点击冰柜来保持其打开状态。"
        }
    ]
}