{
  "name": "Lost City Dimension",
  "ultrawarm": false,
  "natural": true,
  "height": 512,
  "min_y": 0,
  "coordinate_scale": 1,
  "shrunk": false,
  "has_skylight": true,
  "has_ceiling": false,
  "ambient_light": 0,
  "piglin_safe": false,
  "bed_works": true,
  "respawn_anchor_works": true,
  "has_raids": false,
  "logical_height": 512,
  "monster_spawn_block_light_limit": 2,
  "monster_spawn_light_level": 2,
  "infiniburn": "#minecraft:infiniburn_overworld",
  "effects": "minecraft:overworld"
}
