{
    "name": "远古守卫者眼球",
    "icon": "butcher:eldereye",
    "category": "butcher:resources",
    "read_by_default": true,
    "sortnum": 11,
    "pages": [
        {
            "type": "patchouli:spotlight",
            "item": "butcher:eldereye",
            "link_recipe": true,
            "title" : "远古守卫者眼球",
            "text": "远古守卫者眼球可以通过解剖远古守卫者获得。将其与皮革结合可以制作出可穿戴的远古守卫者之眼，在水下时提供夜视效果。"
        },
        {
            "type": "patchouli:crafting",
            "title": "可穿戴的远古守卫者之眼",
            "recipe": "butcher:elderguardianeyerecipe"
        }
    ]
}
