{
    "name": "硫磺",
    "icon": "butcher:sulfur",
    "category": "butcher:resources",
    "read_by_default": true,
    "sortnum": 3,
    "pages": [
        {
            "type": "patchouli:spotlight",
            "item": "butcher:sulfur",
            "link_recipe": true,
            "title" : "硫磺",
            "text": "硫磺是制作$(l:butcher:items/sulphuric_acid)硫酸$(/l)的必需品。"
        },
        {
            "type": "patchouli:smelting",
            "recipe": "butcher:sulfursmelt",
            "text": "硫磺矿石可以在地表以下Y= -64到15之间找到。"
        }
    ]
}
