{
    "name": "女巫服",
    "icon": "butcher:witcharmor_helmet",
    "category": "butcher:resources",
    "read_by_default": true,
    "sortnum": 8,
    "pages": [
        {
            "type": "patchouli:spotlight",
            "item": "butcher:witcharmor_helmet",
            "link_recipe": true,
            "title" : "女巫服",
            "text": "曾经想成为一名女巫吗？现在你可以了。要获取女巫的服饰，你需要取下她的帽子和斗篷，然后就可以留着自己穿了，太棒了！"
        }
    ]
}
