{
    "name": "凋灵之心",
    "icon": "butcher:witheredheart",
    "category": "butcher:resources",
    "read_by_default": true,
    "sortnum": 8,
    "pages": [
        {
            "type": "patchouli:spotlight",
            "item": "butcher:witheredheart",
            "link_recipe": true,
            "title" : "凋灵之心",
            "text": "凋灵之心可以通过采集凋灵尸体获得。食用这颗心脏将赋予你凋灵的能力。在受到伤害时，有5%的几率获得再生和无敌效果，效果持续60秒。"
        }
    ]
}
