{
    "name": "散装屠夫指南",
    "icon": "butcher:butcherspapers",
    "category": "butcher:items",
    "read_by_default": true,
    "sortnum": 7,
    "pages": [
        {
            "type": "patchouli:spotlight",
            "item": "butcher:butcherspapers",
            "link_recipe": true,
            "title" : "散装屠夫指南",
            "text": "散装屠夫指南是一种工具，可用于旋转尸体或配置方块。"
        },
        {
            "type": "patchouli:crafting",
            "recipe": "butcher:butcherspapersrecipe"
        }
    ]
}