{
    "name": "切肉刀",
    "icon": "butcher:butchers_knife",
    "category": "butcher:items",
    "read_by_default": true,
    "sortnum": 1,
    "pages": [
        {
            "type": "patchouli:spotlight",
            "item": "butcher:butchers_knife",
            "link_recipe": true,
            "title" : "切肉刀",
            "text": "新的切肉刀是必不可少的工具，用于放血和分解尸体以获取资源。它有三种材质：骨头、铁和下界合金。骨头和铁切肉刀可用于非Boss生物，而下界合金切肉刀则用于处理Boss生物的尸体。"
        },
        {
            "type": "patchouli:crafting",
            "recipe": "butcher:bonebutchersknife_recipe",
            "recipe2": "butcher:butchers_knife_recipe"
        },
        {
            "type": "patchouli:crafting",
            "title": "下界合金切肉刀",
            "recipe": "butcher:netherite_butchers_knife_crafting"
        }
    ]
}