{
    "name": "钳子",
    "icon": "butcher:pliers",
    "category": "butcher:items",
    "read_by_default": true,
    "sortnum": 4,
    "pages": [
        {
            "type": "patchouli:spotlight",
            "item": "butcher:pliers",
            "link_recipe": true,
            "title" : "钳子",
            "text": "钳子用于从鸡的尸体中获取叉骨。只需用钳子右键点击鸡的尸体即可获得叉骨。"
        },
        {
            "type": "patchouli:crafting",
            "recipe": "butcher:pliers_recipe"
        }
    ]
}