{
    "name": "抹布",
    "icon": "butcher:rag",
    "category": "butcher:items",
    "read_by_default": true,
    "sortnum": 6,
    "pages": [
        {
            "type": "patchouli:spotlight",
            "item": "butcher:rag",
            "link_recipe": true,
            "title": "抹布",
            "text": "由于海绵可能较难获取，因此有一个更便宜的替代品——抹布。抹布可以用于与海绵相同的用途，但其耐久度要低得多。"
        },
        {
            "type": "patchouli:crafting",
            "recipe": "butcher:ragrecipe",
            "text": "要将抹布浸湿，需要手持它右键点击水源方块或装满水的炼药锅。"
        }
    ]
}