{
    "name": "剥皮刀",
    "icon": "butcher:skinning_knife",
    "category": "butcher:items",
    "read_by_default": true,
    "sortnum": 2,
    "pages": [
        {
            "type": "patchouli:spotlight",
            "item": "butcher:skinning_knife",
            "link_recipe": true,
            "title" : "剥皮刀",
            "text": "剥皮刀是处理某些尸体（例如牛尸体）的必备工具。使用这把刀，你可以从尸体上剥下皮。这些皮可用于获取皮革，请参阅本指南中晾皮架部分以获取更多关于获取皮革的信息。"
        },
        {
            "type": "patchouli:crafting",
            "recipe": "butcher:boneskinningkniferecipe",
            "recipe2": "butcher:skinning_knife_recipe"
        }
    ]
}