{
    "name": "海绵块",
    "icon": "butcher:sponge",
    "category": "butcher:items",
    "read_by_default": true,
    "sortnum": 5,
    "pages": [
        {
            "type": "patchouli:spotlight",
            "item": "butcher:sponge",
            "link_recipe": true,
            "title" : "海绵块",
            "text": "海绵块具有多种用途：可清洁沾满血迹的屠宰桌；当尸体放血时若下方没有排血渠，可用其清理地面血迹；还能在鞣制制兽皮前进行湿润处理。"
        },
        {
            "type": "patchouli:crafting",
            "recipe": "butcher:spongerecipe",
            "text": "该配方可逆向操作。要将海绵块浸湿，需对水源方块或装满水的炼药锅右键点击使用。"
        }
    ]
}
